1,Volkswagen,Golf
2,Volkswagen,Passat
3,Volkswagen,T-roc
4,Volkswagen,Arteon
5,Volkswagen,Sharan
6,Volkswagen,Touareg
7,Volkswagen,Polo
8,Volkswagen,up
9,Volkswagen,cc
10,Volkswagen,Candy
11,Volkswagen,Beetle
12,Volkswagen,Fox
13,Volkswagen,Vento
14,Volkswagen,Transporter
15,Tesla,Model 3
16,Tesla,Model X
17,Tesla,Model S
18,BMW,M2
19,BMW,M3
20,BMW,M4
21,BMW,M5
22,BMW,M6
23,BMW,M8
24,BMW,i3
25,BMW,i8
26,BMW,X1 M
27,BMW,X1
28,BMW,X2
29,BMW,X3
30,BMW,X4
31,BMW,X5
32,BMW,X5 M
33,BMW,X6
34,BMW,X6 M
35,BMW,X7
36,BMW,Z3
37,BMW,Z4
38,BMW,Z4 M
39,BMW,Seria 1
40,BMW,Seria 2
41,BMW,Seria 3
42,BMW,Seria 4
43,BMW,Seria 5
44,BMW,Seria 6
45,BMW,Seria 7
46,BMW,Seria 8
47,BMW,1M
48,BMW,3GT
49,BMW,5GT
50,BMW,6GT
51,Alfa Romeo,146
52,Alfa Romeo,147
53,Alfa Romeo,155
54,Alfa Romeo,164
55,Alfa Romeo,166
56,Alfa Romeo,4C
57,Alfa Romeo,Giulia
58,Alfa Romeo,GT
59,Alfa Romeo,GTV
60,Alfa Romeo,Spider
61,Alfa Romeo,145
62,Yamaha,Aerox
63,Yamaha,F1
64,Yamaha,FJ
65,Yamaha,FJR
66,Yamaha,FZR
67,Yamaha,FZS
68,Yamaha,R1
69,Yamaha,R6
70,Yamaha,R125
71,KTM,Duke 125
72,Dodge,Caravan
73,Dodge,Caliber
74,Dodge,RAM
75,Ferrari,308
76,Ferrari,360
77,Ferrari,FF
78,Ferrari,California
79,Ferrari,Roma
80,Ferrari,GTC4Lusso
81,Ferrari,488
82,Audi,A5
83,Audi,A6
84,Audi,A7
85,Audi,A8
86,Audi,Q3
87,Audi,Q5
88,Audi,Q7
89,Audi,Q8
90,Audi,R8
91,Audi,RS Q8
92,Audi,TT RS
93,Audi,V8
94,Fiat,Coupe
95,Fiat,Doblo
96,Fiat,Ducato
97,Fiat,Grande Punto
98,Fiat,Multipla
99,Fiat,Stilo
100,Fiat,Tipo
101,Jeep,CJ
102,Jeep,Compass
103,Jeep,Patriot
104,Jeep,Wrangler
105,Nissan,Juke
106,Nissan,Patrol
107,Nissan,Pickup
108,Nissan,X-Trial
109,Nissan,Terrano
