816,KARTA
817,KARTA
819,KARTA
820,KARTA
821,KARTA
822,KARTA
825,KARTA
826,KARTA
831,KARTA
832,KARTA
834,KARTA
837,KARTA
838,KARTA
839,KARTA
840,KARTA
841,KARTA
844,KARTA
847,KARTA
848,KARTA
849,KARTA
850,KARTA
853,KARTA
855,KARTA
857,KARTA
860,KARTA
861,KARTA
865,KARTA
868,KARTA
871,KARTA
873,KARTA
876,KARTA
884,KARTA
886,KARTA
887,KARTA
888,KARTA
889,KARTA
894,KARTA
896,KARTA
898,KARTA
902,KARTA
906,KARTA
909,KARTA
910,KARTA
679,KARTA
682,KARTA
684,KARTA
685,KARTA
688,KARTA
690,KARTA
695,KARTA
696,KARTA
698,KARTA
705,KARTA
709,KARTA
712,KARTA
714,KARTA
716,KARTA
717,KARTA
720,KARTA
721,KARTA
723,KARTA
726,KARTA
727,KARTA
728,KARTA
729,KARTA
730,KARTA
733,KARTA
735,KARTA
738,KARTA
740,KARTA
741,KARTA
742,KARTA
743,KARTA
747,KARTA
750,KARTA
752,KARTA
755,KARTA
756,KARTA
768,KARTA
770,KARTA
771,KARTA
772,KARTA
776,KARTA
777,KARTA
778,KARTA
779,KARTA
781,KARTA
782,KARTA
784,KARTA
785,KARTA
788,KARTA
790,KARTA
791,KARTA
792,KARTA
793,KARTA
794,KARTA
795,KARTA
796,KARTA
799,KARTA
801,KARTA
802,KARTA
803,KARTA
804,KARTA
807,KARTA
810,KARTA
814,KARTA
815,KARTA
353,KARTA
354,KARTA
355,KARTA
356,KARTA
357,KARTA
360,KARTA
361,KARTA
364,KARTA
365,KARTA
366,KARTA
367,KARTA
369,KARTA
370,KARTA
372,KARTA
373,KARTA
377,KARTA
383,KARTA
612,KARTA
613,KARTA
614,KARTA
616,KARTA
617,KARTA
618,KARTA
619,KARTA
620,KARTA
621,KARTA
624,KARTA
626,KARTA
627,KARTA
628,KARTA
629,KARTA
630,KARTA
632,KARTA
634,KARTA
635,KARTA
636,KARTA
637,KARTA
639,KARTA
640,KARTA
641,KARTA
645,KARTA
648,KARTA
651,KARTA
652,KARTA
653,KARTA
654,KARTA
655,KARTA
657,KARTA
658,KARTA
659,KARTA
660,KARTA
662,KARTA
663,KARTA
665,KARTA
666,KARTA
667,KARTA
668,KARTA
669,KARTA
670,KARTA
671,KARTA
672,KARTA
674,KARTA
676,KARTA
678,KARTA
536,KARTA
537,KARTA
539,KARTA
541,KARTA
542,KARTA
543,KARTA
544,KARTA
545,KARTA
547,KARTA
548,KARTA
550,KARTA
551,KARTA
554,KARTA
556,KARTA
557,KARTA
559,KARTA
560,KARTA
561,KARTA
562,KARTA
565,KARTA
566,KARTA
569,KARTA
573,KARTA
574,KARTA
575,KARTA
577,KARTA
578,KARTA
580,KARTA
584,KARTA
585,KARTA
587,KARTA
591,KARTA
592,KARTA
593,KARTA
598,KARTA
599,KARTA
600,KARTA
601,KARTA
602,KARTA
603,KARTA
604,KARTA
605,KARTA
606,KARTA
309,KARTA
311,KARTA
312,KARTA
313,KARTA
315,KARTA
316,KARTA
317,KARTA
319,KARTA
321,KARTA
322,KARTA
323,KARTA
325,KARTA
330,KARTA
331,KARTA
332,KARTA
334,KARTA
337,KARTA
340,KARTA
341,KARTA
347,KARTA
352,KARTA
308,KARTA
386,KARTA
391,KARTA
394,KARTA
395,KARTA
398,KARTA
400,KARTA
403,KARTA
405,KARTA
408,KARTA
410,KARTA
414,KARTA
417,KARTA
418,KARTA
419,KARTA
421,KARTA
423,KARTA
424,KARTA
426,KARTA
427,KARTA
428,KARTA
429,KARTA
432,KARTA
433,KARTA
436,KARTA
438,KARTA
441,KARTA
444,KARTA
447,KARTA
450,KARTA
451,KARTA
452,KARTA
455,KARTA
457,KARTA
458,KARTA
462,KARTA
465,KARTA
468,KARTA
469,KARTA
471,KARTA
474,KARTA
476,KARTA
477,KARTA
479,KARTA
480,KARTA
484,KARTA
486,KARTA
491,KARTA
492,KARTA
493,KARTA
495,KARTA
500,KARTA
501,KARTA
503,KARTA
511,KARTA
512,KARTA
514,KARTA
515,KARTA
516,KARTA
517,KARTA
519,KARTA
523,KARTA
529,KARTA
531,KARTA
181,KARTA
185,KARTA
186,KARTA
189,KARTA
190,KARTA
191,KARTA
196,KARTA
198,KARTA
202,KARTA
203,KARTA
204,KARTA
206,KARTA
209,KARTA
211,KARTA
212,KARTA
213,KARTA
214,KARTA
217,KARTA
218,KARTA
219,KARTA
221,KARTA
223,KARTA
225,KARTA
226,KARTA
229,KARTA
230,KARTA
231,KARTA
234,KARTA
236,KARTA
238,KARTA
240,KARTA
242,KARTA
243,KARTA
244,KARTA
245,KARTA
247,KARTA
249,KARTA
252,KARTA
253,KARTA
254,KARTA
256,KARTA
258,KARTA
261,KARTA
265,KARTA
266,KARTA
267,KARTA
269,KARTA
271,KARTA
272,KARTA
273,KARTA
277,KARTA
278,KARTA
282,KARTA
283,KARTA
284,KARTA
285,KARTA
286,KARTA
290,KARTA
294,KARTA
297,KARTA
299,KARTA
301,KARTA
305,KARTA
306,KARTA
53,KARTA
55,KARTA
60,KARTA
64,KARTA
66,KARTA
68,KARTA
69,KARTA
72,KARTA
75,KARTA
76,KARTA
79,KARTA
83,KARTA
84,KARTA
85,KARTA
87,KARTA
89,KARTA
92,KARTA
94,KARTA
97,KARTA
98,KARTA
100,KARTA
101,KARTA
102,KARTA
103,KARTA
104,KARTA
105,KARTA
106,KARTA
107,KARTA
108,KARTA
110,KARTA
114,KARTA
115,KARTA
116,KARTA
120,KARTA
121,KARTA
122,KARTA
123,KARTA
124,KARTA
127,KARTA
130,KARTA
135,KARTA
141,KARTA
142,KARTA
148,KARTA
149,KARTA
150,KARTA
151,KARTA
153,KARTA
157,KARTA
159,KARTA
160,KARTA
162,KARTA
163,KARTA
164,KARTA
166,KARTA
167,KARTA
169,KARTA
171,KARTA
172,KARTA
173,KARTA
176,KARTA
177,KARTA
178,KARTA
179,KARTA
2941,KARTA
2945,KARTA
2946,KARTA
2947,KARTA
2950,KARTA
2951,KARTA
2952,KARTA
2953,KARTA
2956,KARTA
2957,KARTA
2960,KARTA
2962,KARTA
2965,KARTA
2966,KARTA
2968,KARTA
2970,KARTA
2974,KARTA
2975,KARTA
2976,KARTA
2977,KARTA
2979,KARTA
2982,KARTA
2983,KARTA
2985,KARTA
2986,KARTA
2991,KARTA
2992,KARTA
2993,KARTA
2994,KARTA
2996,KARTA
2997,KARTA
2999,KARTA
3000,KARTA
2,KARTA
4,KARTA
5,KARTA
6,KARTA
7,KARTA
8,KARTA
9,KARTA
10,KARTA
11,KARTA
12,KARTA
13,KARTA
14,KARTA
16,KARTA
18,KARTA
19,KARTA
21,KARTA
22,KARTA
24,KARTA
25,KARTA
27,KARTA
30,KARTA
34,KARTA
35,KARTA
37,KARTA
38,KARTA
40,KARTA
43,KARTA
44,KARTA
46,KARTA
48,KARTA
52,KARTA
2838,KARTA
2840,KARTA
2843,KARTA
2844,KARTA
2846,KARTA
2847,KARTA
2848,KARTA
2851,KARTA
2853,KARTA
2854,KARTA
2855,KARTA
2857,KARTA
2858,KARTA
2859,KARTA
2861,KARTA
2862,KARTA
2864,KARTA
2866,KARTA
2867,KARTA
2868,KARTA
2869,KARTA
2870,KARTA
2872,KARTA
2873,KARTA
2874,KARTA
2875,KARTA
2876,KARTA
2877,KARTA
2878,KARTA
2879,KARTA
2881,KARTA
2882,KARTA
2884,KARTA
2888,KARTA
2890,KARTA
2894,KARTA
2896,KARTA
2900,KARTA
2901,KARTA
2902,KARTA
2903,KARTA
2904,KARTA
2906,KARTA
2908,KARTA
2909,KARTA
2914,KARTA
2915,KARTA
2918,KARTA
2919,KARTA
2920,KARTA
2921,KARTA
2922,KARTA
2924,KARTA
2925,KARTA
2927,KARTA
2929,KARTA
2932,KARTA
2933,KARTA
2935,KARTA
2936,KARTA
2937,KARTA
2938,KARTA
2939,KARTA
2940,KARTA
2713,KARTA
2715,KARTA
2718,KARTA
2719,KARTA
2720,KARTA
2721,KARTA
2722,KARTA
2723,KARTA
2724,KARTA
2726,KARTA
2727,KARTA
2729,KARTA
2732,KARTA
2733,KARTA
2735,KARTA
2736,KARTA
2737,KARTA
2740,KARTA
2742,KARTA
2745,KARTA
2747,KARTA
2749,KARTA
2750,KARTA
2753,KARTA
2754,KARTA
2756,KARTA
2757,KARTA
2758,KARTA
2759,KARTA
2761,KARTA
2762,KARTA
2767,KARTA
2769,KARTA
2770,KARTA
2778,KARTA
2783,KARTA
2784,KARTA
2785,KARTA
2786,KARTA
2788,KARTA
2789,KARTA
2792,KARTA
2793,KARTA
2796,KARTA
2801,KARTA
2802,KARTA
2803,KARTA
2805,KARTA
2806,KARTA
2809,KARTA
2810,KARTA
2811,KARTA
2817,KARTA
2818,KARTA
2819,KARTA
2821,KARTA
2827,KARTA
2830,KARTA
2832,KARTA
2833,KARTA
2834,KARTA
2835,KARTA
2836,KARTA
2837,KARTA
2592,KARTA
2594,KARTA
2596,KARTA
2597,KARTA
2600,KARTA
2601,KARTA
2602,KARTA
2604,KARTA
2605,KARTA
2607,KARTA
2608,KARTA
2610,KARTA
2615,KARTA
2617,KARTA
2620,KARTA
2621,KARTA
2624,KARTA
2626,KARTA
2627,KARTA
2629,KARTA
2630,KARTA
2632,KARTA
2633,KARTA
2635,KARTA
2636,KARTA
2639,KARTA
2640,KARTA
2641,KARTA
2642,KARTA
2644,KARTA
2649,KARTA
2650,KARTA
2652,KARTA
2653,KARTA
2656,KARTA
2657,KARTA
2658,KARTA
2659,KARTA
2660,KARTA
2662,KARTA
2663,KARTA
2664,KARTA
2670,KARTA
2671,KARTA
2673,KARTA
2674,KARTA
2675,KARTA
2677,KARTA
2678,KARTA
2679,KARTA
2680,KARTA
2683,KARTA
2690,KARTA
2692,KARTA
2693,KARTA
2695,KARTA
2697,KARTA
2699,KARTA
2703,KARTA
2705,KARTA
2706,KARTA
2708,KARTA
2709,KARTA
2712,KARTA
2452,KARTA
2454,KARTA
2456,KARTA
2458,KARTA
2459,KARTA
2461,KARTA
2464,KARTA
2465,KARTA
2468,KARTA
2470,KARTA
2473,KARTA
2474,KARTA
2475,KARTA
2479,KARTA
2480,KARTA
2481,KARTA
2484,KARTA
2486,KARTA
2489,KARTA
2494,KARTA
2497,KARTA
2498,KARTA
2506,KARTA
2507,KARTA
2508,KARTA
2510,KARTA
2511,KARTA
2512,KARTA
2515,KARTA
2517,KARTA
2518,KARTA
2520,KARTA
2522,KARTA
2523,KARTA
2525,KARTA
2527,KARTA
2528,KARTA
2529,KARTA
2534,KARTA
2535,KARTA
2536,KARTA
2540,KARTA
2544,KARTA
2546,KARTA
2547,KARTA
2548,KARTA
2553,KARTA
2558,KARTA
2559,KARTA
2560,KARTA
2561,KARTA
2563,KARTA
2564,KARTA
2565,KARTA
2567,KARTA
2571,KARTA
2572,KARTA
2575,KARTA
2578,KARTA
2583,KARTA
2585,KARTA
2588,KARTA
2590,KARTA
2591,KARTA
2320,KARTA
2322,KARTA
2323,KARTA
2324,KARTA
2325,KARTA
2327,KARTA
2328,KARTA
2330,KARTA
2331,KARTA
2332,KARTA
2335,KARTA
2336,KARTA
2340,KARTA
2342,KARTA
2343,KARTA
2345,KARTA
2346,KARTA
2347,KARTA
2349,KARTA
2351,KARTA
2354,KARTA
2356,KARTA
2357,KARTA
2358,KARTA
2359,KARTA
2360,KARTA
2361,KARTA
2362,KARTA
2364,KARTA
2366,KARTA
2371,KARTA
2372,KARTA
2380,KARTA
2381,KARTA
2382,KARTA
2384,KARTA
2385,KARTA
2387,KARTA
2389,KARTA
2394,KARTA
2395,KARTA
2396,KARTA
2397,KARTA
2399,KARTA
2405,KARTA
2409,KARTA
2410,KARTA
2413,KARTA
2415,KARTA
2417,KARTA
2421,KARTA
2427,KARTA
2428,KARTA
2430,KARTA
2431,KARTA
2433,KARTA
2434,KARTA
2437,KARTA
2438,KARTA
2444,KARTA
2447,KARTA
2448,KARTA
2449,KARTA
2451,KARTA
2199,KARTA
2201,KARTA
2206,KARTA
2208,KARTA
2214,KARTA
2215,KARTA
2218,KARTA
2219,KARTA
2220,KARTA
2224,KARTA
2227,KARTA
2234,KARTA
2235,KARTA
2236,KARTA
2237,KARTA
2240,KARTA
2241,KARTA
2242,KARTA
2243,KARTA
2244,KARTA
2245,KARTA
2247,KARTA
2248,KARTA
2250,KARTA
2251,KARTA
2253,KARTA
2255,KARTA
2257,KARTA
2259,KARTA
2260,KARTA
2261,KARTA
2262,KARTA
2264,KARTA
2266,KARTA
2270,KARTA
2273,KARTA
2276,KARTA
2277,KARTA
2281,KARTA
2283,KARTA
2288,KARTA
2289,KARTA
2290,KARTA
2291,KARTA
2292,KARTA
2294,KARTA
2297,KARTA
2298,KARTA
2300,KARTA
2301,KARTA
2302,KARTA
2303,KARTA
2305,KARTA
2306,KARTA
2308,KARTA
2310,KARTA
2311,KARTA
2313,KARTA
2314,KARTA
2315,KARTA
2316,KARTA
2317,KARTA
2318,KARTA
2319,KARTA
2052,KARTA
2054,KARTA
2058,KARTA
2061,KARTA
2062,KARTA
2063,KARTA
2064,KARTA
2068,KARTA
2070,KARTA
2073,KARTA
2082,KARTA
2085,KARTA
2086,KARTA
2090,KARTA
2095,KARTA
2097,KARTA
2099,KARTA
2103,KARTA
2104,KARTA
2106,KARTA
2107,KARTA
2108,KARTA
2111,KARTA
2112,KARTA
2113,KARTA
2118,KARTA
2120,KARTA
2122,KARTA
2126,KARTA
2127,KARTA
2131,KARTA
2134,KARTA
2135,KARTA
2139,KARTA
2141,KARTA
2142,KARTA
2145,KARTA
2146,KARTA
2152,KARTA
2154,KARTA
2155,KARTA
2157,KARTA
2158,KARTA
2159,KARTA
2160,KARTA
2161,KARTA
2162,KARTA
2163,KARTA
2164,KARTA
2166,KARTA
2170,KARTA
2175,KARTA
2176,KARTA
2177,KARTA
2178,KARTA
2179,KARTA
2180,KARTA
2181,KARTA
2183,KARTA
2184,KARTA
2185,KARTA
2192,KARTA
2193,KARTA
2196,KARTA
1916,KARTA
1918,KARTA
1919,KARTA
1920,KARTA
1921,KARTA
1924,KARTA
1926,KARTA
1930,KARTA
1934,KARTA
1935,KARTA
1936,KARTA
1937,KARTA
1938,KARTA
1941,KARTA
1950,KARTA
1952,KARTA
1953,KARTA
1955,KARTA
1956,KARTA
1958,KARTA
1961,KARTA
1963,KARTA
1964,KARTA
1966,KARTA
1967,KARTA
1970,KARTA
1974,KARTA
1975,KARTA
1980,KARTA
1981,KARTA
1982,KARTA
1983,KARTA
1984,KARTA
1990,KARTA
1991,KARTA
1992,KARTA
1993,KARTA
1994,KARTA
1995,KARTA
1998,KARTA
1999,KARTA
2000,KARTA
2003,KARTA
2004,KARTA
2005,KARTA
2006,KARTA
2007,KARTA
2009,KARTA
2011,KARTA
2013,KARTA
2014,KARTA
2015,KARTA
2021,KARTA
2023,KARTA
2025,KARTA
2026,KARTA
2028,KARTA
2029,KARTA
2030,KARTA
2031,KARTA
2035,KARTA
2038,KARTA
2043,KARTA
2048,KARTA
1805,KARTA
1807,KARTA
1809,KARTA
1811,KARTA
1816,KARTA
1817,KARTA
1819,KARTA
1821,KARTA
1826,KARTA
1829,KARTA
1830,KARTA
1831,KARTA
1833,KARTA
1834,KARTA
1835,KARTA
1837,KARTA
1838,KARTA
1839,KARTA
1841,KARTA
1842,KARTA
1844,KARTA
1845,KARTA
1846,KARTA
1848,KARTA
1849,KARTA
1853,KARTA
1856,KARTA
1859,KARTA
1860,KARTA
1862,KARTA
1864,KARTA
1865,KARTA
1867,KARTA
1868,KARTA
1869,KARTA
1870,KARTA
1871,KARTA
1872,KARTA
1874,KARTA
1875,KARTA
1876,KARTA
1877,KARTA
1878,KARTA
1879,KARTA
1881,KARTA
1883,KARTA
1884,KARTA
1886,KARTA
1891,KARTA
1893,KARTA
1894,KARTA
1898,KARTA
1899,KARTA
1900,KARTA
1901,KARTA
1902,KARTA
1903,KARTA
1904,KARTA
1905,KARTA
1906,KARTA
1908,KARTA
1912,KARTA
1914,KARTA
1915,KARTA
1695,KARTA
1697,KARTA
1698,KARTA
1702,KARTA
1704,KARTA
1707,KARTA
1708,KARTA
1711,KARTA
1714,KARTA
1716,KARTA
1717,KARTA
1718,KARTA
1719,KARTA
1720,KARTA
1723,KARTA
1724,KARTA
1726,KARTA
1727,KARTA
1728,KARTA
1729,KARTA
1731,KARTA
1736,KARTA
1739,KARTA
1740,KARTA
1741,KARTA
1742,KARTA
1745,KARTA
1746,KARTA
1748,KARTA
1749,KARTA
1750,KARTA
1753,KARTA
1755,KARTA
1757,KARTA
1758,KARTA
1760,KARTA
1761,KARTA
1763,KARTA
1764,KARTA
1765,KARTA
1766,KARTA
1768,KARTA
1769,KARTA
1771,KARTA
1772,KARTA
1773,KARTA
1774,KARTA
1775,KARTA
1776,KARTA
1777,KARTA
1779,KARTA
1780,KARTA
1782,KARTA
1783,KARTA
1784,KARTA
1786,KARTA
1789,KARTA
1790,KARTA
1793,KARTA
1794,KARTA
1796,KARTA
1801,KARTA
1803,KARTA
1804,KARTA
1574,KARTA
1575,KARTA
1579,KARTA
1580,KARTA
1584,KARTA
1585,KARTA
1586,KARTA
1587,KARTA
1588,KARTA
1590,KARTA
1596,KARTA
1597,KARTA
1598,KARTA
1600,KARTA
1601,KARTA
1603,KARTA
1604,KARTA
1606,KARTA
1607,KARTA
1611,KARTA
1614,KARTA
1615,KARTA
1617,KARTA
1619,KARTA
1621,KARTA
1622,KARTA
1623,KARTA
1624,KARTA
1625,KARTA
1626,KARTA
1628,KARTA
1631,KARTA
1632,KARTA
1633,KARTA
1639,KARTA
1641,KARTA
1643,KARTA
1645,KARTA
1649,KARTA
1650,KARTA
1651,KARTA
1652,KARTA
1653,KARTA
1656,KARTA
1657,KARTA
1664,KARTA
1665,KARTA
1666,KARTA
1669,KARTA
1671,KARTA
1672,KARTA
1673,KARTA
1674,KARTA
1675,KARTA
1676,KARTA
1677,KARTA
1679,KARTA
1682,KARTA
1683,KARTA
1684,KARTA
1685,KARTA
1689,KARTA
1690,KARTA
1693,KARTA
1436,KARTA
1438,KARTA
1441,KARTA
1442,KARTA
1443,KARTA
1444,KARTA
1446,KARTA
1447,KARTA
1449,KARTA
1453,KARTA
1454,KARTA
1461,KARTA
1464,KARTA
1465,KARTA
1468,KARTA
1469,KARTA
1472,KARTA
1481,KARTA
1484,KARTA
1485,KARTA
1488,KARTA
1489,KARTA
1490,KARTA
1494,KARTA
1496,KARTA
1500,KARTA
1501,KARTA
1502,KARTA
1504,KARTA
1508,KARTA
1509,KARTA
1510,KARTA
1513,KARTA
1518,KARTA
1519,KARTA
1520,KARTA
1524,KARTA
1526,KARTA
1529,KARTA
1531,KARTA
1532,KARTA
1534,KARTA
1535,KARTA
1537,KARTA
1540,KARTA
1541,KARTA
1543,KARTA
1544,KARTA
1546,KARTA
1548,KARTA
1549,KARTA
1550,KARTA
1551,KARTA
1555,KARTA
1558,KARTA
1559,KARTA
1565,KARTA
1566,KARTA
1567,KARTA
1568,KARTA
1569,KARTA
1570,KARTA
1571,KARTA
1572,KARTA
1318,KARTA
1319,KARTA
1320,KARTA
1321,KARTA
1322,KARTA
1323,KARTA
1325,KARTA
1327,KARTA
1328,KARTA
1331,KARTA
1338,KARTA
1339,KARTA
1341,KARTA
1342,KARTA
1343,KARTA
1347,KARTA
1351,KARTA
1353,KARTA
1355,KARTA
1357,KARTA
1359,KARTA
1363,KARTA
1365,KARTA
1367,KARTA
1369,KARTA
1370,KARTA
1372,KARTA
1373,KARTA
1375,KARTA
1379,KARTA
1380,KARTA
1383,KARTA
1384,KARTA
1388,KARTA
1389,KARTA
1390,KARTA
1392,KARTA
1394,KARTA
1397,KARTA
1401,KARTA
1402,KARTA
1403,KARTA
1405,KARTA
1407,KARTA
1408,KARTA
1411,KARTA
1412,KARTA
1413,KARTA
1414,KARTA
1416,KARTA
1417,KARTA
1418,KARTA
1419,KARTA
1421,KARTA
1422,KARTA
1423,KARTA
1424,KARTA
1425,KARTA
1427,KARTA
1428,KARTA
1429,KARTA
1431,KARTA
1432,KARTA
1434,KARTA
1161,KARTA
1162,KARTA
1165,KARTA
1169,KARTA
1170,KARTA
1174,KARTA
1175,KARTA
1177,KARTA
1180,KARTA
1181,KARTA
1182,KARTA
1183,KARTA
1187,KARTA
1188,KARTA
1191,KARTA
1194,KARTA
1196,KARTA
1205,KARTA
1209,KARTA
1210,KARTA
1212,KARTA
1213,KARTA
1214,KARTA
1218,KARTA
1221,KARTA
1222,KARTA
1223,KARTA
1224,KARTA
1226,KARTA
1228,KARTA
1229,KARTA
1232,KARTA
1234,KARTA
1238,KARTA
1239,KARTA
1241,KARTA
1246,KARTA
1251,KARTA
1252,KARTA
1256,KARTA
1259,KARTA
1262,KARTA
1266,KARTA
1268,KARTA
1270,KARTA
1271,KARTA
1274,KARTA
1277,KARTA
1281,KARTA
1283,KARTA
1286,KARTA
1291,KARTA
1292,KARTA
1294,KARTA
1296,KARTA
1298,KARTA
1299,KARTA
1300,KARTA
1301,KARTA
1302,KARTA
1303,KARTA
1313,KARTA
1314,KARTA
1316,KARTA
1039,KARTA
1044,KARTA
1046,KARTA
1047,KARTA
1049,KARTA
1050,KARTA
1051,KARTA
1052,KARTA
1054,KARTA
1055,KARTA
1060,KARTA
1064,KARTA
1065,KARTA
1066,KARTA
1068,KARTA
1069,KARTA
1070,KARTA
1072,KARTA
1074,KARTA
1075,KARTA
1076,KARTA
1077,KARTA
1078,KARTA
1079,KARTA
1080,KARTA
1081,KARTA
1084,KARTA
1087,KARTA
1089,KARTA
1091,KARTA
1093,KARTA
1096,KARTA
1097,KARTA
1099,KARTA
1101,KARTA
1102,KARTA
1104,KARTA
1107,KARTA
1108,KARTA
1109,KARTA
1110,KARTA
1112,KARTA
1113,KARTA
1115,KARTA
1116,KARTA
1117,KARTA
1120,KARTA
1123,KARTA
1124,KARTA
1126,KARTA
1127,KARTA
1128,KARTA
1130,KARTA
1132,KARTA
1138,KARTA
1141,KARTA
1142,KARTA
1144,KARTA
1148,KARTA
1149,KARTA
1150,KARTA
1153,KARTA
1156,KARTA
1160,KARTA
911,KARTA
915,KARTA
918,KARTA
919,KARTA
927,KARTA
930,KARTA
933,KARTA
935,KARTA
936,KARTA
937,KARTA
938,KARTA
940,KARTA
942,KARTA
945,KARTA
947,KARTA
949,KARTA
955,KARTA
957,KARTA
960,KARTA
962,KARTA
963,KARTA
964,KARTA
966,KARTA
967,KARTA
968,KARTA
969,KARTA
971,KARTA
972,KARTA
973,KARTA
977,KARTA
978,KARTA
979,KARTA
981,KARTA
983,KARTA
986,KARTA
988,KARTA
990,KARTA
993,KARTA
994,KARTA
995,KARTA
996,KARTA
999,KARTA
1000,KARTA
1001,KARTA
1004,KARTA
1005,KARTA
1006,KARTA
1009,KARTA
1011,KARTA
1013,KARTA
1016,KARTA
1018,KARTA
1019,KARTA
1020,KARTA
1021,KARTA
1022,KARTA
1024,KARTA
1027,KARTA
1030,KARTA
1032,KARTA
1033,KARTA
1034,KARTA
1036,KARTA
1038,KARTA
912,GOTOWKA
913,GOTOWKA
914,GOTOWKA
916,GOTOWKA
917,GOTOWKA
920,GOTOWKA
921,GOTOWKA
922,GOTOWKA
923,GOTOWKA
924,GOTOWKA
925,GOTOWKA
926,GOTOWKA
928,GOTOWKA
929,GOTOWKA
931,GOTOWKA
932,GOTOWKA
934,GOTOWKA
939,GOTOWKA
941,GOTOWKA
943,GOTOWKA
944,GOTOWKA
946,GOTOWKA
948,GOTOWKA
950,GOTOWKA
951,GOTOWKA
952,GOTOWKA
953,GOTOWKA
954,GOTOWKA
956,GOTOWKA
958,GOTOWKA
959,GOTOWKA
961,GOTOWKA
965,GOTOWKA
970,GOTOWKA
974,GOTOWKA
975,GOTOWKA
976,GOTOWKA
980,GOTOWKA
982,GOTOWKA
984,GOTOWKA
985,GOTOWKA
987,GOTOWKA
989,GOTOWKA
991,GOTOWKA
992,GOTOWKA
997,GOTOWKA
998,GOTOWKA
1002,GOTOWKA
1003,GOTOWKA
1007,GOTOWKA
1008,GOTOWKA
1010,GOTOWKA
1012,GOTOWKA
1014,GOTOWKA
1015,GOTOWKA
1017,GOTOWKA
1023,GOTOWKA
1025,GOTOWKA
1026,GOTOWKA
1028,GOTOWKA
1029,GOTOWKA
1031,GOTOWKA
1035,GOTOWKA
1037,GOTOWKA
1040,GOTOWKA
1041,GOTOWKA
1042,GOTOWKA
1043,GOTOWKA
1045,GOTOWKA
1048,GOTOWKA
1053,GOTOWKA
1056,GOTOWKA
1057,GOTOWKA
1058,GOTOWKA
1059,GOTOWKA
1061,GOTOWKA
1062,GOTOWKA
1063,GOTOWKA
1067,GOTOWKA
1071,GOTOWKA
1073,GOTOWKA
1082,GOTOWKA
1083,GOTOWKA
1085,GOTOWKA
1086,GOTOWKA
1088,GOTOWKA
1090,GOTOWKA
1092,GOTOWKA
1094,GOTOWKA
1095,GOTOWKA
1098,GOTOWKA
1100,GOTOWKA
1103,GOTOWKA
1105,GOTOWKA
1106,GOTOWKA
1111,GOTOWKA
1114,GOTOWKA
1118,GOTOWKA
1119,GOTOWKA
1121,GOTOWKA
1122,GOTOWKA
1125,GOTOWKA
1129,GOTOWKA
1131,GOTOWKA
1133,GOTOWKA
1134,GOTOWKA
1135,GOTOWKA
1136,GOTOWKA
1137,GOTOWKA
1139,GOTOWKA
1140,GOTOWKA
1143,GOTOWKA
1145,GOTOWKA
1146,GOTOWKA
1147,GOTOWKA
1151,GOTOWKA
1152,GOTOWKA
1154,GOTOWKA
1155,GOTOWKA
1157,GOTOWKA
1158,GOTOWKA
1159,GOTOWKA
1163,GOTOWKA
1164,GOTOWKA
1166,GOTOWKA
1167,GOTOWKA
1168,GOTOWKA
1171,GOTOWKA
1172,GOTOWKA
1173,GOTOWKA
1176,GOTOWKA
1178,GOTOWKA
1179,GOTOWKA
1184,GOTOWKA
1185,GOTOWKA
1186,GOTOWKA
1189,GOTOWKA
1190,GOTOWKA
1192,GOTOWKA
1193,GOTOWKA
1195,GOTOWKA
1197,GOTOWKA
1198,GOTOWKA
1199,GOTOWKA
1200,GOTOWKA
1201,GOTOWKA
1202,GOTOWKA
1203,GOTOWKA
1204,GOTOWKA
1206,GOTOWKA
1207,GOTOWKA
1208,GOTOWKA
1211,GOTOWKA
1215,GOTOWKA
1216,GOTOWKA
1217,GOTOWKA
1219,GOTOWKA
1220,GOTOWKA
1225,GOTOWKA
1227,GOTOWKA
1230,GOTOWKA
1231,GOTOWKA
1233,GOTOWKA
1235,GOTOWKA
1236,GOTOWKA
1237,GOTOWKA
1240,GOTOWKA
1242,GOTOWKA
1243,GOTOWKA
1244,GOTOWKA
1245,GOTOWKA
1247,GOTOWKA
1248,GOTOWKA
1249,GOTOWKA
1250,GOTOWKA
1253,GOTOWKA
1254,GOTOWKA
1255,GOTOWKA
1257,GOTOWKA
1258,GOTOWKA
1260,GOTOWKA
1261,GOTOWKA
1263,GOTOWKA
1264,GOTOWKA
1265,GOTOWKA
1267,GOTOWKA
1269,GOTOWKA
1272,GOTOWKA
1273,GOTOWKA
1275,GOTOWKA
1276,GOTOWKA
1278,GOTOWKA
1279,GOTOWKA
1280,GOTOWKA
1282,GOTOWKA
1284,GOTOWKA
1285,GOTOWKA
1287,GOTOWKA
1288,GOTOWKA
1289,GOTOWKA
1290,GOTOWKA
1293,GOTOWKA
1295,GOTOWKA
1297,GOTOWKA
1304,GOTOWKA
1305,GOTOWKA
1306,GOTOWKA
1307,GOTOWKA
1308,GOTOWKA
1309,GOTOWKA
1310,GOTOWKA
1311,GOTOWKA
1312,GOTOWKA
1315,GOTOWKA
1317,GOTOWKA
1324,GOTOWKA
1326,GOTOWKA
1329,GOTOWKA
1330,GOTOWKA
1332,GOTOWKA
1333,GOTOWKA
1334,GOTOWKA
1335,GOTOWKA
1336,GOTOWKA
1337,GOTOWKA
1340,GOTOWKA
1344,GOTOWKA
1345,GOTOWKA
1346,GOTOWKA
1348,GOTOWKA
1349,GOTOWKA
1350,GOTOWKA
1352,GOTOWKA
1354,GOTOWKA
1356,GOTOWKA
1358,GOTOWKA
1360,GOTOWKA
1361,GOTOWKA
1362,GOTOWKA
1364,GOTOWKA
1366,GOTOWKA
1368,GOTOWKA
1371,GOTOWKA
1374,GOTOWKA
1376,GOTOWKA
1377,GOTOWKA
1378,GOTOWKA
1381,GOTOWKA
1382,GOTOWKA
1385,GOTOWKA
1386,GOTOWKA
1387,GOTOWKA
1391,GOTOWKA
1393,GOTOWKA
1395,GOTOWKA
1396,GOTOWKA
1398,GOTOWKA
1399,GOTOWKA
1400,GOTOWKA
1404,GOTOWKA
1406,GOTOWKA
1409,GOTOWKA
1410,GOTOWKA
1415,GOTOWKA
1420,GOTOWKA
1426,GOTOWKA
1430,GOTOWKA
1433,GOTOWKA
1435,GOTOWKA
1437,GOTOWKA
1439,GOTOWKA
1440,GOTOWKA
1445,GOTOWKA
1448,GOTOWKA
1450,GOTOWKA
1451,GOTOWKA
1452,GOTOWKA
1455,GOTOWKA
1456,GOTOWKA
1457,GOTOWKA
1458,GOTOWKA
1459,GOTOWKA
1460,GOTOWKA
1462,GOTOWKA
1463,GOTOWKA
1466,GOTOWKA
1467,GOTOWKA
1470,GOTOWKA
1471,GOTOWKA
1473,GOTOWKA
1474,GOTOWKA
1475,GOTOWKA
1476,GOTOWKA
1477,GOTOWKA
1478,GOTOWKA
1479,GOTOWKA
1480,GOTOWKA
1482,GOTOWKA
1483,GOTOWKA
1486,GOTOWKA
1487,GOTOWKA
1491,GOTOWKA
1492,GOTOWKA
1493,GOTOWKA
1495,GOTOWKA
1497,GOTOWKA
1498,GOTOWKA
1499,GOTOWKA
1503,GOTOWKA
1505,GOTOWKA
1506,GOTOWKA
1507,GOTOWKA
1511,GOTOWKA
1512,GOTOWKA
1514,GOTOWKA
1515,GOTOWKA
1516,GOTOWKA
1517,GOTOWKA
1521,GOTOWKA
1522,GOTOWKA
1523,GOTOWKA
1525,GOTOWKA
1527,GOTOWKA
1528,GOTOWKA
1530,GOTOWKA
1533,GOTOWKA
1536,GOTOWKA
1538,GOTOWKA
1539,GOTOWKA
1542,GOTOWKA
1545,GOTOWKA
1547,GOTOWKA
1552,GOTOWKA
1553,GOTOWKA
1554,GOTOWKA
1556,GOTOWKA
1557,GOTOWKA
1560,GOTOWKA
1561,GOTOWKA
1562,GOTOWKA
1563,GOTOWKA
1573,GOTOWKA
1576,GOTOWKA
1577,GOTOWKA
1578,GOTOWKA
1581,GOTOWKA
1582,GOTOWKA
1583,GOTOWKA
1589,GOTOWKA
1591,GOTOWKA
1592,GOTOWKA
1593,GOTOWKA
1594,GOTOWKA
1595,GOTOWKA
1599,GOTOWKA
1602,GOTOWKA
1605,GOTOWKA
1608,GOTOWKA
1609,GOTOWKA
1610,GOTOWKA
1612,GOTOWKA
1613,GOTOWKA
1616,GOTOWKA
1618,GOTOWKA
1620,GOTOWKA
1627,GOTOWKA
1629,GOTOWKA
1630,GOTOWKA
1634,GOTOWKA
1635,GOTOWKA
1636,GOTOWKA
1637,GOTOWKA
1638,GOTOWKA
1640,GOTOWKA
1642,GOTOWKA
1644,GOTOWKA
1646,GOTOWKA
1647,GOTOWKA
1648,GOTOWKA
1654,GOTOWKA
1655,GOTOWKA
1658,GOTOWKA
1659,GOTOWKA
1660,GOTOWKA
1661,GOTOWKA
1662,GOTOWKA
1663,GOTOWKA
1667,GOTOWKA
1668,GOTOWKA
1670,GOTOWKA
1678,GOTOWKA
1680,GOTOWKA
1681,GOTOWKA
1686,GOTOWKA
1687,GOTOWKA
1688,GOTOWKA
1691,GOTOWKA
1692,GOTOWKA
1694,GOTOWKA
1696,GOTOWKA
1699,GOTOWKA
1700,GOTOWKA
1701,GOTOWKA
1703,GOTOWKA
1705,GOTOWKA
1706,GOTOWKA
1709,GOTOWKA
1710,GOTOWKA
1712,GOTOWKA
1713,GOTOWKA
1715,GOTOWKA
1721,GOTOWKA
1722,GOTOWKA
1725,GOTOWKA
1730,GOTOWKA
1732,GOTOWKA
1733,GOTOWKA
1734,GOTOWKA
1735,GOTOWKA
1737,GOTOWKA
1738,GOTOWKA
1743,GOTOWKA
1744,GOTOWKA
1747,GOTOWKA
1751,GOTOWKA
1752,GOTOWKA
1754,GOTOWKA
1756,GOTOWKA
1759,GOTOWKA
1762,GOTOWKA
1767,GOTOWKA
1770,GOTOWKA
1778,GOTOWKA
1781,GOTOWKA
1785,GOTOWKA
1787,GOTOWKA
1788,GOTOWKA
1791,GOTOWKA
1792,GOTOWKA
1795,GOTOWKA
1797,GOTOWKA
1798,GOTOWKA
1799,GOTOWKA
1800,GOTOWKA
1802,GOTOWKA
1806,GOTOWKA
1808,GOTOWKA
1810,GOTOWKA
1812,GOTOWKA
1813,GOTOWKA
1814,GOTOWKA
1815,GOTOWKA
1818,GOTOWKA
1820,GOTOWKA
1822,GOTOWKA
1823,GOTOWKA
1824,GOTOWKA
1825,GOTOWKA
1827,GOTOWKA
1828,GOTOWKA
1832,GOTOWKA
1836,GOTOWKA
1840,GOTOWKA
1843,GOTOWKA
1847,GOTOWKA
1850,GOTOWKA
1851,GOTOWKA
1852,GOTOWKA
1854,GOTOWKA
1855,GOTOWKA
1857,GOTOWKA
1858,GOTOWKA
1861,GOTOWKA
1863,GOTOWKA
1866,GOTOWKA
1873,GOTOWKA
1880,GOTOWKA
1882,GOTOWKA
1885,GOTOWKA
1887,GOTOWKA
1888,GOTOWKA
1889,GOTOWKA
1890,GOTOWKA
1892,GOTOWKA
1895,GOTOWKA
1896,GOTOWKA
1897,GOTOWKA
1907,GOTOWKA
1909,GOTOWKA
1910,GOTOWKA
1911,GOTOWKA
1913,GOTOWKA
1917,GOTOWKA
1922,GOTOWKA
1923,GOTOWKA
1925,GOTOWKA
1927,GOTOWKA
1928,GOTOWKA
1929,GOTOWKA
1931,GOTOWKA
1932,GOTOWKA
1933,GOTOWKA
1939,GOTOWKA
1940,GOTOWKA
1942,GOTOWKA
1943,GOTOWKA
1944,GOTOWKA
1945,GOTOWKA
1946,GOTOWKA
1947,GOTOWKA
1948,GOTOWKA
1949,GOTOWKA
1951,GOTOWKA
1954,GOTOWKA
1957,GOTOWKA
1959,GOTOWKA
1960,GOTOWKA
1962,GOTOWKA
1965,GOTOWKA
1968,GOTOWKA
1969,GOTOWKA
1971,GOTOWKA
1972,GOTOWKA
1973,GOTOWKA
1976,GOTOWKA
1977,GOTOWKA
1978,GOTOWKA
1979,GOTOWKA
1985,GOTOWKA
1986,GOTOWKA
1987,GOTOWKA
1988,GOTOWKA
1989,GOTOWKA
1996,GOTOWKA
1997,GOTOWKA
2001,GOTOWKA
2002,GOTOWKA
2008,GOTOWKA
2010,GOTOWKA
2012,GOTOWKA
2016,GOTOWKA
2017,GOTOWKA
2018,GOTOWKA
2019,GOTOWKA
2020,GOTOWKA
2022,GOTOWKA
2024,GOTOWKA
2027,GOTOWKA
2032,GOTOWKA
2033,GOTOWKA
2034,GOTOWKA
2036,GOTOWKA
2037,GOTOWKA
2039,GOTOWKA
2040,GOTOWKA
2041,GOTOWKA
2042,GOTOWKA
2044,GOTOWKA
2045,GOTOWKA
2046,GOTOWKA
2047,GOTOWKA
2049,GOTOWKA
2050,GOTOWKA
2051,GOTOWKA
2053,GOTOWKA
2055,GOTOWKA
2056,GOTOWKA
2057,GOTOWKA
2059,GOTOWKA
2060,GOTOWKA
2065,GOTOWKA
2066,GOTOWKA
2067,GOTOWKA
2069,GOTOWKA
2071,GOTOWKA
2072,GOTOWKA
2074,GOTOWKA
2075,GOTOWKA
2076,GOTOWKA
2077,GOTOWKA
2078,GOTOWKA
2079,GOTOWKA
2080,GOTOWKA
2081,GOTOWKA
2083,GOTOWKA
2084,GOTOWKA
2087,GOTOWKA
2088,GOTOWKA
2089,GOTOWKA
2091,GOTOWKA
2092,GOTOWKA
2093,GOTOWKA
2094,GOTOWKA
2096,GOTOWKA
2098,GOTOWKA
2100,GOTOWKA
2101,GOTOWKA
2102,GOTOWKA
2105,GOTOWKA
2109,GOTOWKA
2110,GOTOWKA
2114,GOTOWKA
2115,GOTOWKA
2116,GOTOWKA
2117,GOTOWKA
2119,GOTOWKA
2121,GOTOWKA
2123,GOTOWKA
2124,GOTOWKA
2125,GOTOWKA
2128,GOTOWKA
2129,GOTOWKA
2130,GOTOWKA
2132,GOTOWKA
2133,GOTOWKA
2136,GOTOWKA
2137,GOTOWKA
2138,GOTOWKA
2140,GOTOWKA
2143,GOTOWKA
2144,GOTOWKA
2147,GOTOWKA
2148,GOTOWKA
2149,GOTOWKA
2150,GOTOWKA
2151,GOTOWKA
2153,GOTOWKA
2156,GOTOWKA
2165,GOTOWKA
2167,GOTOWKA
2168,GOTOWKA
2169,GOTOWKA
2171,GOTOWKA
2172,GOTOWKA
2173,GOTOWKA
2174,GOTOWKA
2182,GOTOWKA
2186,GOTOWKA
2187,GOTOWKA
2188,GOTOWKA
2189,GOTOWKA
2190,GOTOWKA
2191,GOTOWKA
2194,GOTOWKA
2195,GOTOWKA
2197,GOTOWKA
2198,GOTOWKA
2200,GOTOWKA
2202,GOTOWKA
2203,GOTOWKA
2204,GOTOWKA
2205,GOTOWKA
2207,GOTOWKA
2209,GOTOWKA
2210,GOTOWKA
2211,GOTOWKA
2212,GOTOWKA
2213,GOTOWKA
2216,GOTOWKA
2217,GOTOWKA
2221,GOTOWKA
2222,GOTOWKA
2223,GOTOWKA
2225,GOTOWKA
2226,GOTOWKA
2228,GOTOWKA
2229,GOTOWKA
2230,GOTOWKA
2231,GOTOWKA
2232,GOTOWKA
2233,GOTOWKA
2238,GOTOWKA
2239,GOTOWKA
2246,GOTOWKA
2249,GOTOWKA
2252,GOTOWKA
2254,GOTOWKA
2256,GOTOWKA
2258,GOTOWKA
2263,GOTOWKA
2265,GOTOWKA
2267,GOTOWKA
2268,GOTOWKA
2269,GOTOWKA
2271,GOTOWKA
2272,GOTOWKA
2274,GOTOWKA
2275,GOTOWKA
2278,GOTOWKA
2279,GOTOWKA
2280,GOTOWKA
2282,GOTOWKA
2284,GOTOWKA
2285,GOTOWKA
2286,GOTOWKA
2287,GOTOWKA
2293,GOTOWKA
2295,GOTOWKA
2296,GOTOWKA
2299,GOTOWKA
2304,GOTOWKA
2307,GOTOWKA
2309,GOTOWKA
2312,GOTOWKA
2321,GOTOWKA
2326,GOTOWKA
2329,GOTOWKA
2333,GOTOWKA
2334,GOTOWKA
2337,GOTOWKA
2338,GOTOWKA
2339,GOTOWKA
2341,GOTOWKA
2344,GOTOWKA
2348,GOTOWKA
2350,GOTOWKA
2352,GOTOWKA
2353,GOTOWKA
2355,GOTOWKA
2363,GOTOWKA
2365,GOTOWKA
2367,GOTOWKA
2368,GOTOWKA
2369,GOTOWKA
2370,GOTOWKA
2373,GOTOWKA
2374,GOTOWKA
2375,GOTOWKA
2376,GOTOWKA
2377,GOTOWKA
2378,GOTOWKA
2379,GOTOWKA
2383,GOTOWKA
2386,GOTOWKA
2388,GOTOWKA
2390,GOTOWKA
2391,GOTOWKA
2392,GOTOWKA
2393,GOTOWKA
2398,GOTOWKA
2400,GOTOWKA
2401,GOTOWKA
2402,GOTOWKA
2403,GOTOWKA
2404,GOTOWKA
2406,GOTOWKA
2407,GOTOWKA
2408,GOTOWKA
2411,GOTOWKA
2412,GOTOWKA
2414,GOTOWKA
2416,GOTOWKA
2418,GOTOWKA
2419,GOTOWKA
2420,GOTOWKA
2422,GOTOWKA
2423,GOTOWKA
2424,GOTOWKA
2425,GOTOWKA
2426,GOTOWKA
2429,GOTOWKA
2432,GOTOWKA
2435,GOTOWKA
2436,GOTOWKA
2439,GOTOWKA
2440,GOTOWKA
2441,GOTOWKA
2442,GOTOWKA
2443,GOTOWKA
2445,GOTOWKA
2446,GOTOWKA
2450,GOTOWKA
2453,GOTOWKA
2455,GOTOWKA
2457,GOTOWKA
2460,GOTOWKA
2462,GOTOWKA
2463,GOTOWKA
2466,GOTOWKA
2467,GOTOWKA
2469,GOTOWKA
2471,GOTOWKA
2472,GOTOWKA
2476,GOTOWKA
2477,GOTOWKA
2478,GOTOWKA
2482,GOTOWKA
2483,GOTOWKA
2485,GOTOWKA
2487,GOTOWKA
2488,GOTOWKA
2490,GOTOWKA
2491,GOTOWKA
2492,GOTOWKA
2493,GOTOWKA
2495,GOTOWKA
2496,GOTOWKA
2499,GOTOWKA
2500,GOTOWKA
2501,GOTOWKA
2502,GOTOWKA
2503,GOTOWKA
2504,GOTOWKA
2505,GOTOWKA
2509,GOTOWKA
2513,GOTOWKA
2514,GOTOWKA
2516,GOTOWKA
2519,GOTOWKA
2521,GOTOWKA
2524,GOTOWKA
2526,GOTOWKA
2530,GOTOWKA
2531,GOTOWKA
2532,GOTOWKA
2533,GOTOWKA
2537,GOTOWKA
2538,GOTOWKA
2539,GOTOWKA
2541,GOTOWKA
2542,GOTOWKA
2543,GOTOWKA
2545,GOTOWKA
2549,GOTOWKA
2550,GOTOWKA
2551,GOTOWKA
2552,GOTOWKA
2554,GOTOWKA
2555,GOTOWKA
2556,GOTOWKA
2557,GOTOWKA
2562,GOTOWKA
2566,GOTOWKA
2568,GOTOWKA
2569,GOTOWKA
2570,GOTOWKA
2573,GOTOWKA
2574,GOTOWKA
2576,GOTOWKA
2577,GOTOWKA
2579,GOTOWKA
2580,GOTOWKA
2581,GOTOWKA
2582,GOTOWKA
2584,GOTOWKA
2586,GOTOWKA
2587,GOTOWKA
2589,GOTOWKA
2593,GOTOWKA
2595,GOTOWKA
2598,GOTOWKA
2599,GOTOWKA
2603,GOTOWKA
2606,GOTOWKA
2609,GOTOWKA
2611,GOTOWKA
2612,GOTOWKA
2613,GOTOWKA
2614,GOTOWKA
2616,GOTOWKA
2618,GOTOWKA
2619,GOTOWKA
2622,GOTOWKA
2623,GOTOWKA
2625,GOTOWKA
2628,GOTOWKA
2631,GOTOWKA
2634,GOTOWKA
2637,GOTOWKA
2638,GOTOWKA
2643,GOTOWKA
2645,GOTOWKA
2646,GOTOWKA
2647,GOTOWKA
2648,GOTOWKA
2651,GOTOWKA
2654,GOTOWKA
2655,GOTOWKA
2661,GOTOWKA
2665,GOTOWKA
2666,GOTOWKA
2667,GOTOWKA
2668,GOTOWKA
2669,GOTOWKA
2672,GOTOWKA
2676,GOTOWKA
2681,GOTOWKA
2682,GOTOWKA
2684,GOTOWKA
2685,GOTOWKA
2686,GOTOWKA
2687,GOTOWKA
2688,GOTOWKA
2689,GOTOWKA
2691,GOTOWKA
2694,GOTOWKA
2696,GOTOWKA
2698,GOTOWKA
2700,GOTOWKA
2701,GOTOWKA
2702,GOTOWKA
2704,GOTOWKA
2707,GOTOWKA
2710,GOTOWKA
2711,GOTOWKA
2714,GOTOWKA
2716,GOTOWKA
2717,GOTOWKA
2725,GOTOWKA
2728,GOTOWKA
2730,GOTOWKA
2731,GOTOWKA
2734,GOTOWKA
2738,GOTOWKA
2739,GOTOWKA
2741,GOTOWKA
2743,GOTOWKA
2744,GOTOWKA
2746,GOTOWKA
2748,GOTOWKA
2751,GOTOWKA
2752,GOTOWKA
2755,GOTOWKA
2760,GOTOWKA
2763,GOTOWKA
2764,GOTOWKA
2765,GOTOWKA
2766,GOTOWKA
2768,GOTOWKA
2771,GOTOWKA
2772,GOTOWKA
2773,GOTOWKA
2774,GOTOWKA
2775,GOTOWKA
2776,GOTOWKA
2777,GOTOWKA
2779,GOTOWKA
2780,GOTOWKA
2781,GOTOWKA
2782,GOTOWKA
2787,GOTOWKA
2790,GOTOWKA
2791,GOTOWKA
2794,GOTOWKA
2795,GOTOWKA
2797,GOTOWKA
2798,GOTOWKA
2799,GOTOWKA
2800,GOTOWKA
2804,GOTOWKA
2807,GOTOWKA
2808,GOTOWKA
2812,GOTOWKA
2813,GOTOWKA
2814,GOTOWKA
2815,GOTOWKA
2816,GOTOWKA
2820,GOTOWKA
2822,GOTOWKA
2823,GOTOWKA
2824,GOTOWKA
2825,GOTOWKA
2826,GOTOWKA
2828,GOTOWKA
2829,GOTOWKA
2831,GOTOWKA
2839,GOTOWKA
2841,GOTOWKA
2842,GOTOWKA
2845,GOTOWKA
2849,GOTOWKA
2850,GOTOWKA
2852,GOTOWKA
2856,GOTOWKA
2860,GOTOWKA
2863,GOTOWKA
2865,GOTOWKA
2871,GOTOWKA
2880,GOTOWKA
2883,GOTOWKA
2885,GOTOWKA
2886,GOTOWKA
2887,GOTOWKA
2889,GOTOWKA
2891,GOTOWKA
2892,GOTOWKA
2893,GOTOWKA
2895,GOTOWKA
2897,GOTOWKA
2898,GOTOWKA
2899,GOTOWKA
2905,GOTOWKA
2907,GOTOWKA
2910,GOTOWKA
2911,GOTOWKA
2912,GOTOWKA
2913,GOTOWKA
2916,GOTOWKA
2917,GOTOWKA
2923,GOTOWKA
2926,GOTOWKA
2928,GOTOWKA
2930,GOTOWKA
2931,GOTOWKA
2934,GOTOWKA
2942,GOTOWKA
2943,GOTOWKA
2944,GOTOWKA
2948,GOTOWKA
2949,GOTOWKA
2954,GOTOWKA
2955,GOTOWKA
2958,GOTOWKA
2959,GOTOWKA
2961,GOTOWKA
2963,GOTOWKA
2964,GOTOWKA
2967,GOTOWKA
2969,GOTOWKA
2971,GOTOWKA
2972,GOTOWKA
2973,GOTOWKA
2978,GOTOWKA
2980,GOTOWKA
2981,GOTOWKA
2984,GOTOWKA
2987,GOTOWKA
2988,GOTOWKA
2989,GOTOWKA
2990,GOTOWKA
2995,GOTOWKA
2998,GOTOWKA
1,GOTOWKA
3,GOTOWKA
17,GOTOWKA
20,GOTOWKA
23,GOTOWKA
26,GOTOWKA
28,GOTOWKA
29,GOTOWKA
31,GOTOWKA
32,GOTOWKA
33,GOTOWKA
36,GOTOWKA
39,GOTOWKA
41,GOTOWKA
42,GOTOWKA
45,GOTOWKA
47,GOTOWKA
49,GOTOWKA
51,GOTOWKA
54,GOTOWKA
56,GOTOWKA
57,GOTOWKA
58,GOTOWKA
59,GOTOWKA
61,GOTOWKA
62,GOTOWKA
63,GOTOWKA
65,GOTOWKA
67,GOTOWKA
70,GOTOWKA
71,GOTOWKA
73,GOTOWKA
74,GOTOWKA
77,GOTOWKA
78,GOTOWKA
80,GOTOWKA
81,GOTOWKA
82,GOTOWKA
86,GOTOWKA
88,GOTOWKA
90,GOTOWKA
91,GOTOWKA
93,GOTOWKA
95,GOTOWKA
96,GOTOWKA
99,GOTOWKA
109,GOTOWKA
111,GOTOWKA
112,GOTOWKA
113,GOTOWKA
117,GOTOWKA
118,GOTOWKA
119,GOTOWKA
125,GOTOWKA
126,GOTOWKA
128,GOTOWKA
129,GOTOWKA
131,GOTOWKA
132,GOTOWKA
133,GOTOWKA
134,GOTOWKA
136,GOTOWKA
137,GOTOWKA
138,GOTOWKA
139,GOTOWKA
140,GOTOWKA
143,GOTOWKA
144,GOTOWKA
145,GOTOWKA
146,GOTOWKA
147,GOTOWKA
152,GOTOWKA
154,GOTOWKA
155,GOTOWKA
156,GOTOWKA
158,GOTOWKA
161,GOTOWKA
165,GOTOWKA
168,GOTOWKA
170,GOTOWKA
174,GOTOWKA
175,GOTOWKA
180,GOTOWKA
182,GOTOWKA
183,GOTOWKA
184,GOTOWKA
187,GOTOWKA
188,GOTOWKA
192,GOTOWKA
193,GOTOWKA
194,GOTOWKA
195,GOTOWKA
197,GOTOWKA
199,GOTOWKA
200,GOTOWKA
201,GOTOWKA
205,GOTOWKA
207,GOTOWKA
208,GOTOWKA
210,GOTOWKA
215,GOTOWKA
216,GOTOWKA
220,GOTOWKA
222,GOTOWKA
224,GOTOWKA
227,GOTOWKA
228,GOTOWKA
232,GOTOWKA
233,GOTOWKA
235,GOTOWKA
237,GOTOWKA
239,GOTOWKA
241,GOTOWKA
246,GOTOWKA
248,GOTOWKA
250,GOTOWKA
251,GOTOWKA
255,GOTOWKA
257,GOTOWKA
259,GOTOWKA
260,GOTOWKA
262,GOTOWKA
263,GOTOWKA
264,GOTOWKA
268,GOTOWKA
270,GOTOWKA
274,GOTOWKA
275,GOTOWKA
276,GOTOWKA
279,GOTOWKA
280,GOTOWKA
281,GOTOWKA
287,GOTOWKA
288,GOTOWKA
289,GOTOWKA
291,GOTOWKA
292,GOTOWKA
293,GOTOWKA
295,GOTOWKA
296,GOTOWKA
298,GOTOWKA
300,GOTOWKA
302,GOTOWKA
303,GOTOWKA
304,GOTOWKA
307,GOTOWKA
385,GOTOWKA
387,GOTOWKA
388,GOTOWKA
389,GOTOWKA
390,GOTOWKA
392,GOTOWKA
393,GOTOWKA
396,GOTOWKA
397,GOTOWKA
399,GOTOWKA
401,GOTOWKA
402,GOTOWKA
404,GOTOWKA
406,GOTOWKA
407,GOTOWKA
409,GOTOWKA
411,GOTOWKA
412,GOTOWKA
413,GOTOWKA
415,GOTOWKA
416,GOTOWKA
420,GOTOWKA
422,GOTOWKA
425,GOTOWKA
430,GOTOWKA
431,GOTOWKA
434,GOTOWKA
435,GOTOWKA
437,GOTOWKA
439,GOTOWKA
440,GOTOWKA
442,GOTOWKA
443,GOTOWKA
445,GOTOWKA
446,GOTOWKA
448,GOTOWKA
449,GOTOWKA
453,GOTOWKA
454,GOTOWKA
456,GOTOWKA
459,GOTOWKA
460,GOTOWKA
461,GOTOWKA
463,GOTOWKA
464,GOTOWKA
466,GOTOWKA
467,GOTOWKA
470,GOTOWKA
472,GOTOWKA
473,GOTOWKA
475,GOTOWKA
478,GOTOWKA
481,GOTOWKA
482,GOTOWKA
483,GOTOWKA
485,GOTOWKA
487,GOTOWKA
488,GOTOWKA
489,GOTOWKA
490,GOTOWKA
494,GOTOWKA
496,GOTOWKA
497,GOTOWKA
498,GOTOWKA
499,GOTOWKA
502,GOTOWKA
504,GOTOWKA
505,GOTOWKA
506,GOTOWKA
507,GOTOWKA
508,GOTOWKA
509,GOTOWKA
510,GOTOWKA
513,GOTOWKA
518,GOTOWKA
520,GOTOWKA
521,GOTOWKA
522,GOTOWKA
524,GOTOWKA
525,GOTOWKA
526,GOTOWKA
527,GOTOWKA
528,GOTOWKA
530,GOTOWKA
532,GOTOWKA
533,GOTOWKA
534,GOTOWKA
535,GOTOWKA
538,GOTOWKA
540,GOTOWKA
546,GOTOWKA
549,GOTOWKA
552,GOTOWKA
553,GOTOWKA
555,GOTOWKA
558,GOTOWKA
563,GOTOWKA
564,GOTOWKA
567,GOTOWKA
568,GOTOWKA
570,GOTOWKA
571,GOTOWKA
572,GOTOWKA
576,GOTOWKA
579,GOTOWKA
581,GOTOWKA
582,GOTOWKA
583,GOTOWKA
586,GOTOWKA
588,GOTOWKA
589,GOTOWKA
590,GOTOWKA
594,GOTOWKA
595,GOTOWKA
596,GOTOWKA
597,GOTOWKA
607,GOTOWKA
310,GOTOWKA
314,GOTOWKA
318,GOTOWKA
320,GOTOWKA
324,GOTOWKA
326,GOTOWKA
327,GOTOWKA
328,GOTOWKA
329,GOTOWKA
333,GOTOWKA
335,GOTOWKA
336,GOTOWKA
338,GOTOWKA
339,GOTOWKA
342,GOTOWKA
343,GOTOWKA
344,GOTOWKA
345,GOTOWKA
346,GOTOWKA
348,GOTOWKA
349,GOTOWKA
350,GOTOWKA
351,GOTOWKA
358,GOTOWKA
359,GOTOWKA
362,GOTOWKA
363,GOTOWKA
368,GOTOWKA
371,GOTOWKA
374,GOTOWKA
375,GOTOWKA
376,GOTOWKA
378,GOTOWKA
379,GOTOWKA
380,GOTOWKA
381,GOTOWKA
382,GOTOWKA
384,GOTOWKA
608,GOTOWKA
609,GOTOWKA
610,GOTOWKA
611,GOTOWKA
615,GOTOWKA
622,GOTOWKA
623,GOTOWKA
625,GOTOWKA
631,GOTOWKA
633,GOTOWKA
638,GOTOWKA
642,GOTOWKA
643,GOTOWKA
644,GOTOWKA
646,GOTOWKA
647,GOTOWKA
649,GOTOWKA
650,GOTOWKA
656,GOTOWKA
661,GOTOWKA
664,GOTOWKA
673,GOTOWKA
675,GOTOWKA
677,GOTOWKA
680,GOTOWKA
681,GOTOWKA
683,GOTOWKA
686,GOTOWKA
687,GOTOWKA
689,GOTOWKA
691,GOTOWKA
692,GOTOWKA
693,GOTOWKA
694,GOTOWKA
697,GOTOWKA
699,GOTOWKA
700,GOTOWKA
701,GOTOWKA
702,GOTOWKA
703,GOTOWKA
704,GOTOWKA
706,GOTOWKA
707,GOTOWKA
708,GOTOWKA
710,GOTOWKA
711,GOTOWKA
713,GOTOWKA
715,GOTOWKA
718,GOTOWKA
719,GOTOWKA
722,GOTOWKA
724,GOTOWKA
725,GOTOWKA
731,GOTOWKA
732,GOTOWKA
734,GOTOWKA
736,GOTOWKA
737,GOTOWKA
739,GOTOWKA
744,GOTOWKA
745,GOTOWKA
746,GOTOWKA
748,GOTOWKA
749,GOTOWKA
751,GOTOWKA
753,GOTOWKA
754,GOTOWKA
757,GOTOWKA
758,GOTOWKA
759,GOTOWKA
760,GOTOWKA
761,GOTOWKA
762,GOTOWKA
763,GOTOWKA
764,GOTOWKA
765,GOTOWKA
766,GOTOWKA
767,GOTOWKA
769,GOTOWKA
773,GOTOWKA
774,GOTOWKA
775,GOTOWKA
780,GOTOWKA
783,GOTOWKA
786,GOTOWKA
787,GOTOWKA
789,GOTOWKA
797,GOTOWKA
798,GOTOWKA
800,GOTOWKA
805,GOTOWKA
806,GOTOWKA
808,GOTOWKA
809,GOTOWKA
811,GOTOWKA
812,GOTOWKA
813,GOTOWKA
818,GOTOWKA
823,GOTOWKA
824,GOTOWKA
827,GOTOWKA
828,GOTOWKA
829,GOTOWKA
830,GOTOWKA
833,GOTOWKA
835,GOTOWKA
836,GOTOWKA
842,GOTOWKA
843,GOTOWKA
845,GOTOWKA
846,GOTOWKA
851,GOTOWKA
852,GOTOWKA
854,GOTOWKA
856,GOTOWKA
858,GOTOWKA
859,GOTOWKA
862,GOTOWKA
863,GOTOWKA
864,GOTOWKA
866,GOTOWKA
867,GOTOWKA
869,GOTOWKA
870,GOTOWKA
872,GOTOWKA
874,GOTOWKA
875,GOTOWKA
877,GOTOWKA
878,GOTOWKA
879,GOTOWKA
880,GOTOWKA
881,GOTOWKA
882,GOTOWKA
883,GOTOWKA
885,GOTOWKA
890,GOTOWKA
891,GOTOWKA
892,GOTOWKA
893,GOTOWKA
895,GOTOWKA
897,GOTOWKA
899,GOTOWKA
900,GOTOWKA
901,GOTOWKA
903,GOTOWKA
904,GOTOWKA
905,GOTOWKA
907,GOTOWKA
908,GOTOWKA
